{
  "dem": {
    "crs": "EPSG:32644",
    "bounds": [
      326073.9842000002,
      1156741.012542,
      326413.50465400016,
      1157032.7919
    ],
    "resolution": [
      0.1269709999999937,
      0.12697100000001257
    ],
    "width": 2674,
    "height": 2298
  },
  "streams": {
    "crs": "EPSG:32644",
    "source_crs": "EPSG:4326",
    "feature_count": 19,
    "bounds": [
      324698.12049999856,
      1155453.9039999999,
      327307.71739999694,
      1157826.2649000017
    ]
  }
}